image_name,iou_hsv,green_area_hsv_m2,green_percent_hsv,iou_kmeans,green_area_kmeans_m2,green_percent_kmeans,iou_combined,green_area_combined_m2,green_percent_combined
541353_sat.jpg,0.9813,1494928.5,99.78,0.9833,1498176.0,100.0,0.9833,1498176.0,100.0
575902_sat.jpg,0.9864,1484823.25,99.11,0.995,1498176.0,100.0,0.995,1498176.0,100.0
893904_sat.jpg,0.4333,1476027.5,98.52,0.4583,1385287.5,92.46,0.4358,1498158.75,100.0
644150_sat.jpg,0.5391,1448699.0,96.7,0.5667,1357770.5,90.63,0.5658,1496322.75,99.88
713813_sat.jpg,0.8614,1421192.25,94.86,0.9022,1478356.0,98.68,0.9027,1497428.25,99.95
585043_sat.jpg,0.994,1489249.0,99.4,0.9298,1393509.75,93.01,0.9992,1497460.0,99.95
882451_sat.jpg,0.5848,1458400.5,97.35,0.5995,1498176.0,100.0,0.5995,1498176.0,100.0
552001_sat.jpg,0.016,1438272.75,96.0,0.0175,1401216.25,93.53,0.0163,1497614.5,99.96
698065_sat.jpg,0.6998,1396852.25,93.24,0.7177,1424917.25,95.11,0.7605,1498099.0,99.99
309818_sat.jpg,0.0168,1414477.0,94.41,0.0178,1349679.5,90.09,0.0163,1497882.0,99.98
479682_sat.jpg,0.797,1486346.25,99.21,0.8042,1498176.0,100.0,0.8042,1498176.0,100.0
351727_sat.jpg,0.6789,1385405.25,92.47,0.7686,1438129.25,95.99,0.7516,1498079.75,99.99
927644_sat.jpg,0.0053,1484120.5,99.06,0.0055,1463924.25,97.71,0.0053,1498012.25,99.99
930028_sat.jpg,0.1906,1485999.0,99.19,0.1959,1451799.75,96.9,0.1905,1497974.25,99.99
888343_sat.jpg,0.981,1492311.5,99.61,0.9787,1486306.5,99.21,0.9835,1497309.5,99.94
2774_sat.jpg,0.035,1472184.25,98.27,0.0361,1436846.0,95.91,0.0347,1497916.25,99.98
669010_sat.jpg,0.7016,1463915.0,97.71,0.7177,1394404.5,93.07,0.6971,1498007.75,99.99
838669_sat.jpg,0.9422,1439492.25,96.08,0.9859,1479976.0,98.79,0.9793,1497896.5,99.98
280703_sat.jpg,0.7137,1490347.0,99.48,0.7141,1498176.0,100.0,0.7141,1498176.0,100.0
763892_sat.jpg,0.7185,1076470.5,71.85,1.0,1498176.0,100.0,1.0,1498176.0,100.0
56924_sat.jpg,0.9964,1494543.0,99.76,0.9987,1498176.0,100.0,0.9987,1498176.0,100.0
36183_sat.jpg,0.9708,1464766.0,97.77,0.9918,1498176.0,100.0,0.9918,1498176.0,100.0
741105_sat.jpg,0.758,1478124.0,98.66,0.7655,1498176.0,100.0,0.7655,1498176.0,100.0
505217_sat.jpg,0.9707,1494373.0,99.75,0.9393,1414601.75,94.42,0.9731,1498044.75,99.99
264436_sat.jpg,0.674,1487791.75,99.31,0.6772,1477377.0,98.61,0.6715,1495472.25,99.82
403978_sat.jpg,0.9382,1458700.5,97.37,0.9658,1480560.5,98.82,0.9588,1497267.0,99.94
397864_sat.jpg,0.9152,1473233.0,98.34,0.9113,1437715.25,95.96,0.9282,1498170.0,100.0
3484_sat.jpg,0.9544,1483272.75,99.01,0.9516,1470515.0,98.15,0.9625,1496538.75,99.89
686781_sat.jpg,0.8772,1457814.75,97.31,0.9025,1474551.0,98.42,0.8983,1498084.5,99.99
419820_sat.jpg,0.8182,1459133.5,97.39,0.8438,1498176.0,100.0,0.8438,1498176.0,100.0
326173_sat.jpg,0.7559,1430807.75,95.5,0.8155,1376590.5,91.88,0.7792,1497473.75,99.95
472774_sat.jpg,0.2507,1493109.0,99.66,0.2499,1498176.0,100.0,0.2499,1498176.0,100.0
635841_sat.jpg,0.9581,1468222.25,98.0,0.94,1401664.0,93.56,0.9776,1498134.25,100.0
77669_sat.jpg,0.8769,1469239.25,98.07,0.8832,1462877.0,97.64,0.8892,1498135.25,100.0
706996_sat.jpg,0.0,1484444.75,99.08,0.0,1498176.0,100.0,0.0,1498176.0,100.0
659953_sat.jpg,0.5741,1487837.75,99.31,0.5858,1453108.25,96.99,0.5718,1497224.75,99.94
234269_sat.jpg,0.9761,1462362.5,97.61,1.0,1498176.0,100.0,1.0,1498176.0,100.0
548686_sat.jpg,0.4361,1495927.25,99.85,0.4458,1460705.5,97.5,0.4356,1497879.5,99.98
708588_sat.jpg,0.9963,1492594.0,99.63,0.9212,1380133.25,92.12,1.0,1498164.5,100.0
334677_sat.jpg,0.826,1384285.75,92.4,0.8873,1498176.0,100.0,0.8873,1498176.0,100.0
810368_sat.jpg,0.9826,1495067.25,99.79,0.9846,1498176.0,100.0,0.9846,1498176.0,100.0
762937_sat.jpg,0.9811,1474569.25,98.42,0.9968,1498176.0,100.0,0.9968,1498176.0,100.0
100694_sat.jpg,0.9927,1487188.75,99.27,1.0,1498176.0,100.0,1.0,1498176.0,100.0
407467_sat.jpg,0.2247,1437116.0,95.92,0.247,1348610.75,90.02,0.2243,1498034.5,99.99
501804_sat.jpg,0.3364,1454451.5,97.08,0.3492,1416332.75,94.54,0.3349,1497402.5,99.95
617844_sat.jpg,0.9991,1497542.0,99.96,0.986,1478011.25,98.65,0.9995,1498155.0,100.0
315352_sat.jpg,0.9201,1466542.5,97.89,0.9412,1498176.0,100.0,0.9412,1498176.0,100.0
827126_sat.jpg,0.9097,1408641.5,94.02,0.8667,1336994.75,89.24,0.964,1497436.0,99.95
728521_sat.jpg,0.986,1486808.25,99.24,0.992,1498176.0,100.0,0.992,1498176.0,100.0
749523_sat.jpg,0.9797,1479760.25,98.77,0.9919,1498176.0,100.0,0.9919,1498176.0,100.0
989499_sat.jpg,0.8299,1472084.75,98.26,0.8321,1435556.75,95.82,0.8446,1497839.5,99.98
343425_sat.jpg,0.9928,1491723.25,99.57,0.9971,1498176.0,100.0,0.9971,1498176.0,100.0
442338_sat.jpg,0.3108,1490230.75,99.47,0.3154,1467752.25,97.97,0.31,1497955.25,99.99
772144_sat.jpg,0.9331,1483924.0,99.05,0.9423,1498176.0,100.0,0.9423,1498176.0,100.0
65170_sat.jpg,0.9661,1469686.0,98.1,0.985,1498176.0,100.0,0.985,1498176.0,100.0
394500_sat.jpg,0.9191,1495620.25,99.83,0.9178,1498176.0,100.0,0.9178,1498176.0,100.0
605037_sat.jpg,0.9828,1472342.0,98.28,1.0,1498176.0,100.0,1.0,1498176.0,100.0
277644_sat.jpg,0.9667,1448216.5,96.67,1.0,1498176.0,100.0,1.0,1498176.0,100.0
434210_sat.jpg,0.9183,1492385.25,99.61,0.9209,1498176.0,100.0,0.9209,1498176.0,100.0
312676_sat.jpg,0.0537,1471901.75,98.25,0.0562,1426888.75,95.24,0.0536,1497487.75,99.95
95683_sat.jpg,0.9229,1485457.5,99.15,0.9354,1466590.75,97.89,0.9299,1498165.25,100.0
96870_sat.jpg,0.9776,1464649.5,97.76,1.0,1498176.0,100.0,1.0,1498176.0,100.0
912620_sat.jpg,0.9204,1489278.75,99.41,0.9168,1471630.5,98.23,0.9238,1497907.0,99.98
954552_sat.jpg,0.8717,1469860.5,98.11,0.8937,1461941.25,97.58,0.8837,1498166.75,100.0
747824_sat.jpg,0.9468,1497637.0,99.96,0.9468,1498176.0,100.0,0.9468,1498176.0,100.0
606014_sat.jpg,0.0279,1464879.5,97.78,0.0273,1498176.0,100.0,0.0273,1498176.0,100.0
97337_sat.jpg,0.9817,1488091.75,99.33,0.9874,1498176.0,100.0,0.9874,1498176.0,100.0
331421_sat.jpg,0.7055,1495421.0,99.82,0.7048,1498176.0,100.0,0.7048,1498176.0,100.0
204562_sat.jpg,0.9877,1481934.0,98.92,0.9633,1444587.5,96.42,0.9979,1497410.75,99.95
291214_sat.jpg,0.9743,1495087.75,99.79,0.9762,1498176.0,100.0,0.9762,1498176.0,100.0
43814_sat.jpg,0.0,1492924.0,99.65,0.0,1473280.75,98.34,0.0,1498019.75,99.99
935318_sat.jpg,0.9122,1377503.5,91.95,0.9915,1498176.0,100.0,0.9915,1498176.0,100.0
338111_sat.jpg,0.8728,1479034.5,98.72,0.883,1449987.5,96.78,0.88,1498115.5,100.0
186739_sat.jpg,0.0331,1480746.0,98.84,0.0328,1498176.0,100.0,0.0328,1498176.0,100.0
897901_sat.jpg,0.9715,1476155.75,98.53,0.9856,1498176.0,100.0,0.9856,1498176.0,100.0
533948_sat.jpg,0.957,1497805.5,99.98,0.9569,1498176.0,100.0,0.9569,1498176.0,100.0
136252_sat.jpg,0.9273,1485948.0,99.18,0.9076,1402862.5,93.64,0.934,1498172.0,100.0
692004_sat.jpg,0.8777,1475306.0,98.47,0.8898,1476930.75,98.58,0.8833,1498124.5,100.0
858771_sat.jpg,0.9902,1489902.5,99.45,0.9924,1490372.5,99.48,0.9953,1497768.75,99.97
166293_sat.jpg,0.9472,1480105.5,98.79,0.9564,1498176.0,100.0,0.9564,1498176.0,100.0
516056_sat.jpg,0.8405,1488668.25,99.37,0.9125,1366592.25,91.22,0.8452,1498173.25,100.0
889145_sat.jpg,0.7942,1496546.25,99.89,0.7937,1498176.0,100.0,0.7937,1498176.0,100.0
351271_sat.jpg,0.9529,1478937.0,98.72,0.9594,1484601.75,99.09,0.9645,1497254.0,99.94
68078_sat.jpg,0.0,1466959.25,97.92,0.0,1303963.75,87.04,0.0,1497785.5,99.97
654770_sat.jpg,0.9492,1483345.0,99.01,0.9601,1492676.75,99.63,0.9576,1497035.25,99.92
557175_sat.jpg,0.9151,1496962.25,99.92,0.9147,1498176.0,100.0,0.9147,1498176.0,100.0
182422_sat.jpg,0.9399,1424294.25,95.07,0.9886,1498176.0,100.0,0.9886,1498176.0,100.0
491491_sat.jpg,0.9614,1496859.25,99.91,0.9609,1498176.0,100.0,0.9609,1498176.0,100.0
232373_sat.jpg,0.9759,1495570.5,99.83,0.9709,1488643.0,99.36,0.9766,1497999.25,99.99
176506_sat.jpg,0.075,1495445.5,99.82,0.076,1471484.25,98.22,0.0749,1498026.0,99.99
875327_sat.jpg,0.9781,1476240.25,98.54,0.8978,1355680.25,90.49,0.9917,1497814.5,99.98
965276_sat.jpg,0.9533,1455015.25,97.12,0.966,1452022.5,96.92,0.9811,1498154.0,100.0
194156_sat.jpg,0.4544,1478156.0,98.66,0.4689,1400577.25,93.49,0.4672,1497922.0,99.98
629198_sat.jpg,0.866,1483229.25,99.0,0.9019,1394687.75,93.09,0.8718,1498117.5,100.0
803958_sat.jpg,0.9884,1488573.75,99.36,0.9948,1498176.0,100.0,0.9948,1498176.0,100.0
682949_sat.jpg,0.4005,1495439.0,99.82,0.4,1498176.0,100.0,0.4,1498176.0,100.0
620018_sat.jpg,0.6571,1495977.5,99.85,0.659,1490681.5,99.5,0.6563,1498141.5,100.0
702918_sat.jpg,0.5938,1489458.25,99.42,0.6023,1468946.75,98.05,0.592,1498117.75,100.0
552396_sat.jpg,0.0409,1480126.25,98.8,0.042,1442703.25,96.3,0.0405,1497749.75,99.97
520614_sat.jpg,0.8553,1488211.75,99.33,0.8732,1449961.5,96.78,0.858,1498170.75,100.0
